/*!40101 SET @OLD_CHARACTER_SET_CLIENT=@@CHARACTER_SET_CLIENT */;
/*!40101 SET NAMES utf8 */;
/*!50503 SET NAMES utf8mb4 */;
/*!40014 SET @OLD_FOREIGN_KEY_CHECKS=@@FOREIGN_KEY_CHECKS, FOREIGN_KEY_CHECKS=0 */;
/*!40101 SET @OLD_SQL_MODE=@@SQL_MODE, SQL_MODE='NO_AUTO_VALUE_ON_ZERO' */;

DROP DATABASE IF EXISTS `aplikacija`;
CREATE DATABASE IF NOT EXISTS `aplikacija` /*!40100 DEFAULT CHARACTER SET utf8 COLLATE utf8_unicode_ci */ /*!80016 DEFAULT ENCRYPTION='N' */;
USE `aplikacija`;

DROP TABLE IF EXISTS `administrator`;
CREATE TABLE IF NOT EXISTS `administrator` (
  `administrator_id` int unsigned NOT NULL AUTO_INCREMENT,
  `username` varchar(32) CHARACTER SET utf8 COLLATE utf8_unicode_ci NOT NULL DEFAULT '0',
  `password_hash` varchar(128) CHARACTER SET utf8 COLLATE utf8_unicode_ci NOT NULL DEFAULT '0',
  PRIMARY KEY (`administrator_id`),
  UNIQUE KEY `uq_administrator_username` (`username`)
) ENGINE=InnoDB AUTO_INCREMENT=16 DEFAULT CHARSET=utf8 COLLATE=utf8_unicode_ci;

DELETE FROM `administrator`;
/*!40000 ALTER TABLE `administrator` DISABLE KEYS */;
INSERT INTO `administrator` (`administrator_id`, `username`, `password_hash`) VALUES
	(1, 'milantex', '30B1B23A56D4AAA7BF951355D4F3CCFB157F2CF7B27D673A1B91613C431F28A76D3E621B9F38FD3C7954D619909EF4CBB574E225D6D60EDC6D423E652112633A'),
	(2, 'test_user', '90856ufdjg98tyuhgrehg34'),
	(3, 'pperic', '6A4C0DC4FCC43BDEA28963DF73E4F8351BCDAE08FDA1516234E8D764AF8178A610BCCA2813D204DFF92A43F0511EB0016C7682CCF7B343D99E01739FC26EF104'),
	(7, 'mmilic', 'D1B080950E85C8916A16DA7CE500D85B56E52B64F59B958F1929F164FB0751544925557C0649C9BB50F3DE0D1471FCE3E233E1EF33BD0EA06601FC7D54F927FC'),
	(9, 'admin', '7FCF4BA391C48784EDDE599889D6E3F1E47A27DB36ECC050CC92F259BFAC38AFAD2C68A1AE804D77075E8FB722503F3ECA2B2C1006EE6F6C7B7628CB45FFFD1D'),
	(10, 'test', 'EE26B0DD4AF7E749AA1A8EE3C10AE9923F618980772E473F8819A5D4940E0DB27AC185F8A0E1D5F84F88BC887FD67B143732C304CC5FA9AD8E6F57F50028A8FF'),
	(11, 'milan', '45BD33D7FCBCF1057519F17F8601344F227AD54A637ABC64FED606B0944A3C18D4615E188F458F52A532B87A104CC97CA4DD4A6D7808CDBD6CC4821D506DE896'),
	(13, 'admin1', '58B5444CF1B6253A4317FE12DAFF411A78BDA0A95279B1D5768EBF5CA60829E78DA944E8A9160A0B6D428CB213E813525A72650DAC67B88879394FF624DA482F'),
	(14, 'admin2', '661BB43140229AD4DC3E762E7BDD68CC14BB9093C158C386BD989FEA807ACD9BD7F805CA4736B870B6571594D0D8FCFC57B98431143DFB770E083FA9BE89BC72'),
	(15, 'admin3', '448D8CA07486257065ADD370C87E61A3C778C70D4FCB5DB89F011ADE315E7A942FB3352E6BDED66C4F9ADEF6F3314588ACE81AA12096111EE306FA5ED4294182');
/*!40000 ALTER TABLE `administrator` ENABLE KEYS */;

DROP TABLE IF EXISTS `administrator_token`;
CREATE TABLE IF NOT EXISTS `administrator_token` (
  `administrator_token_id` int unsigned NOT NULL AUTO_INCREMENT,
  `administrator_id` int unsigned NOT NULL,
  `created_at` timestamp NOT NULL DEFAULT CURRENT_TIMESTAMP,
  `token` text NOT NULL,
  `expires_at` datetime NOT NULL,
  `is_valid` tinyint unsigned NOT NULL DEFAULT '1',
  PRIMARY KEY (`administrator_token_id`),
  KEY `fk_administrator_token_administrator_id` (`administrator_id`),
  CONSTRAINT `fk_administrator_token_administrator_id` FOREIGN KEY (`administrator_id`) REFERENCES `administrator` (`administrator_id`) ON UPDATE CASCADE
) ENGINE=InnoDB AUTO_INCREMENT=16 DEFAULT CHARSET=utf8mb4 COLLATE=utf8mb4_0900_ai_ci;

DELETE FROM `administrator_token`;
/*!40000 ALTER TABLE `administrator_token` DISABLE KEYS */;
INSERT INTO `administrator_token` (`administrator_token_id`, `administrator_id`, `created_at`, `token`, `expires_at`, `is_valid`) VALUES
	(1, 1, '2020-06-10 16:39:43', 'eyJhbGciOiJIUzI1NiIsInR5cCI6IkpXVCJ9.eyJyb2xlIjoiYWRtaW5pc3RyYXRvciIsImlkIjoxLCJpZGVudGl0eSI6Im1pbGFudGV4IiwiZXhwIjoxNTk0NDc4MzgzLjkwNSwiaXAiOiI6OjEiLCJ1YSI6Ik1vemlsbGEvNS4wIChXaW5kb3dzIE5UIDEwLjA7IFdpbjY0OyB4NjQpIEFwcGxlV2ViS2l0LzUzNy4zNiAoS0hUTUwsIGxpa2UgR2Vja28pIENocm9tZS84My4wLjQxMDMuOTcgU2FmYXJpLzUzNy4zNiIsImlhdCI6MTU5MTc5OTk4M30.dDcXq2U9x7F09wKMfFdCtl20tMVDbPJFMYXaFJ_Xxck', '2020-07-11 14:39:43', 1),
	(2, 1, '2020-06-10 16:49:57', 'eyJhbGciOiJIUzI1NiIsInR5cCI6IkpXVCJ9.eyJyb2xlIjoiYWRtaW5pc3RyYXRvciIsImlkIjoxLCJpZGVudGl0eSI6Im1pbGFudGV4IiwiZXhwIjoxNTk0NDc4OTk3LjUyNiwiaXAiOiI6OjEiLCJ1YSI6Ik1vemlsbGEvNS4wIChXaW5kb3dzIE5UIDEwLjA7IFdpbjY0OyB4NjQpIEFwcGxlV2ViS2l0LzUzNy4zNiAoS0hUTUwsIGxpa2UgR2Vja28pIENocm9tZS84My4wLjQxMDMuOTcgU2FmYXJpLzUzNy4zNiIsImlhdCI6MTU5MTgwMDU5N30.JsUjGHcxY-_3FbcxwOIOS3fBhQYj_Uth15Jwf_hf7DU', '2020-07-11 14:49:57', 1),
	(3, 1, '2020-06-10 16:50:28', 'eyJhbGciOiJIUzI1NiIsInR5cCI6IkpXVCJ9.eyJyb2xlIjoiYWRtaW5pc3RyYXRvciIsImlkIjoxLCJpZGVudGl0eSI6Im1pbGFudGV4IiwiZXhwIjoxNTk0NDc5MDI4LjYsImlwIjoiOjoxIiwidWEiOiJNb3ppbGxhLzUuMCAoV2luZG93cyBOVCAxMC4wOyBXaW42NDsgeDY0KSBBcHBsZVdlYktpdC81MzcuMzYgKEtIVE1MLCBsaWtlIEdlY2tvKSBDaHJvbWUvODMuMC40MTAzLjk3IFNhZmFyaS81MzcuMzYiLCJpYXQiOjE1OTE4MDA2Mjh9.FMMN5sHBxauNN8vKcBpwwzQ4-CZV8OPrhRKq2xpFUHI', '2020-07-11 14:50:28', 1),
	(4, 1, '2020-06-10 16:51:01', 'eyJhbGciOiJIUzI1NiIsInR5cCI6IkpXVCJ9.eyJyb2xlIjoiYWRtaW5pc3RyYXRvciIsImlkIjoxLCJpZGVudGl0eSI6Im1pbGFudGV4IiwiZXhwIjoxNTk0NDc5MDYxLjkyNSwiaXAiOiI6OjEiLCJ1YSI6Ik1vemlsbGEvNS4wIChXaW5kb3dzIE5UIDEwLjA7IFdpbjY0OyB4NjQpIEFwcGxlV2ViS2l0LzUzNy4zNiAoS0hUTUwsIGxpa2UgR2Vja28pIENocm9tZS84My4wLjQxMDMuOTcgU2FmYXJpLzUzNy4zNiIsImlhdCI6MTU5MTgwMDY2MX0.ji13HG3LLTPKahl0qe4Rm9gZWyowmNM927ceUZepFNo', '2020-07-11 14:51:01', 1),
	(5, 1, '2020-06-10 17:17:08', 'eyJhbGciOiJIUzI1NiIsInR5cCI6IkpXVCJ9.eyJyb2xlIjoiYWRtaW5pc3RyYXRvciIsImlkIjoxLCJpZGVudGl0eSI6Im1pbGFudGV4IiwiZXhwIjoxNTk0NDgwNjI4LjMxNiwiaXAiOiI6OjEiLCJ1YSI6Ik1vemlsbGEvNS4wIChXaW5kb3dzIE5UIDEwLjA7IFdpbjY0OyB4NjQpIEFwcGxlV2ViS2l0LzUzNy4zNiAoS0hUTUwsIGxpa2UgR2Vja28pIENocm9tZS84My4wLjQxMDMuOTcgU2FmYXJpLzUzNy4zNiIsImlhdCI6MTU5MTgwMjIyOH0.IbV0IBmx_7k1L02CZePjZucH1P6SLkRlwD49oaqfWAM', '2020-07-11 15:17:08', 1),
	(6, 1, '2020-06-10 17:24:48', 'eyJhbGciOiJIUzI1NiIsInR5cCI6IkpXVCJ9.eyJyb2xlIjoiYWRtaW5pc3RyYXRvciIsImlkIjoxLCJpZGVudGl0eSI6Im1pbGFudGV4IiwiZXhwIjoxNTk0NDgxMDg4LjQ1NSwiaXAiOiI6OjEiLCJ1YSI6Ik1vemlsbGEvNS4wIChXaW5kb3dzIE5UIDEwLjA7IFdpbjY0OyB4NjQpIEFwcGxlV2ViS2l0LzUzNy4zNiAoS0hUTUwsIGxpa2UgR2Vja28pIENocm9tZS84My4wLjQxMDMuOTcgU2FmYXJpLzUzNy4zNiIsImlhdCI6MTU5MTgwMjY4OH0.h2VmqGJlhr2bFTynqvw96pSkpBZ0GeqY8gE379GbSz8', '2020-07-11 15:24:48', 1),
	(7, 1, '2020-06-10 17:38:56', 'eyJhbGciOiJIUzI1NiIsInR5cCI6IkpXVCJ9.eyJyb2xlIjoiYWRtaW5pc3RyYXRvciIsImlkIjoxLCJpZGVudGl0eSI6Im1pbGFudGV4IiwiZXhwIjoxNTk0NDgxOTM2LjUzNCwiaXAiOiI6OjEiLCJ1YSI6Ik1vemlsbGEvNS4wIChXaW5kb3dzIE5UIDEwLjA7IFdpbjY0OyB4NjQpIEFwcGxlV2ViS2l0LzUzNy4zNiAoS0hUTUwsIGxpa2UgR2Vja28pIENocm9tZS84My4wLjQxMDMuOTcgU2FmYXJpLzUzNy4zNiIsImlhdCI6MTU5MTgwMzUzNn0.0VUCEqMXJD7U_IQcGe0WViOTBMgKKhVyAsvIRWNo_I8', '2020-07-11 15:38:56', 1),
	(8, 1, '2020-06-10 17:44:24', 'eyJhbGciOiJIUzI1NiIsInR5cCI6IkpXVCJ9.eyJyb2xlIjoiYWRtaW5pc3RyYXRvciIsImlkIjoxLCJpZGVudGl0eSI6Im1pbGFudGV4IiwiZXhwIjoxNTk0NDgyMjY0LjM5NiwiaXAiOiI6OjEiLCJ1YSI6Ik1vemlsbGEvNS4wIChXaW5kb3dzIE5UIDEwLjA7IFdpbjY0OyB4NjQpIEFwcGxlV2ViS2l0LzUzNy4zNiAoS0hUTUwsIGxpa2UgR2Vja28pIENocm9tZS84My4wLjQxMDMuOTcgU2FmYXJpLzUzNy4zNiIsImlhdCI6MTU5MTgwMzg2NH0.ZHcPCXfpkwkhO2zEitlx-FM4CLsCmDwGRelbMk-4p1Y', '2020-07-11 15:44:24', 1),
	(9, 1, '2020-06-10 17:50:15', 'eyJhbGciOiJIUzI1NiIsInR5cCI6IkpXVCJ9.eyJyb2xlIjoiYWRtaW5pc3RyYXRvciIsImlkIjoxLCJpZGVudGl0eSI6Im1pbGFudGV4IiwiZXhwIjoxNTk0NDgyNjE1LjI0NSwiaXAiOiI6OjEiLCJ1YSI6Ik1vemlsbGEvNS4wIChXaW5kb3dzIE5UIDEwLjA7IFdpbjY0OyB4NjQpIEFwcGxlV2ViS2l0LzUzNy4zNiAoS0hUTUwsIGxpa2UgR2Vja28pIENocm9tZS84My4wLjQxMDMuOTcgU2FmYXJpLzUzNy4zNiIsImlhdCI6MTU5MTgwNDIxNX0.RuiFpoW162Mrp4qzyHCDEbf5g7cXp6-js_BiCibhqH0', '2020-07-11 15:50:15', 1),
	(10, 1, '2020-06-10 18:05:04', 'eyJhbGciOiJIUzI1NiIsInR5cCI6IkpXVCJ9.eyJyb2xlIjoiYWRtaW5pc3RyYXRvciIsImlkIjoxLCJpZGVudGl0eSI6Im1pbGFudGV4IiwiZXhwIjoxNTk0NDgzNTA0LjE4NSwiaXAiOiI6OjEiLCJ1YSI6Ik1vemlsbGEvNS4wIChXaW5kb3dzIE5UIDEwLjA7IFdpbjY0OyB4NjQpIEFwcGxlV2ViS2l0LzUzNy4zNiAoS0hUTUwsIGxpa2UgR2Vja28pIENocm9tZS84My4wLjQxMDMuOTcgU2FmYXJpLzUzNy4zNiIsImlhdCI6MTU5MTgwNTEwNH0.H1ZFTdui0UE77eT40igIO7WoKQi3I_p0zgGTjmov1jo', '2020-07-11 16:05:04', 1),
	(11, 1, '2020-06-10 18:12:36', 'eyJhbGciOiJIUzI1NiIsInR5cCI6IkpXVCJ9.eyJyb2xlIjoiYWRtaW5pc3RyYXRvciIsImlkIjoxLCJpZGVudGl0eSI6Im1pbGFudGV4IiwiZXhwIjoxNTk0NDgzOTU2Ljk1MywiaXAiOiI6OjEiLCJ1YSI6Ik1vemlsbGEvNS4wIChXaW5kb3dzIE5UIDEwLjA7IFdpbjY0OyB4NjQpIEFwcGxlV2ViS2l0LzUzNy4zNiAoS0hUTUwsIGxpa2UgR2Vja28pIENocm9tZS84My4wLjQxMDMuOTcgU2FmYXJpLzUzNy4zNiIsImlhdCI6MTU5MTgwNTU1Nn0.Vqz-lmfcoVwKalq1hYbtwd9j1yBau4YJ24XmGOorGzM', '2020-07-11 16:12:36', 1),
	(12, 1, '2020-06-10 18:26:00', 'eyJhbGciOiJIUzI1NiIsInR5cCI6IkpXVCJ9.eyJyb2xlIjoiYWRtaW5pc3RyYXRvciIsImlkIjoxLCJpZGVudGl0eSI6Im1pbGFudGV4IiwiZXhwIjoxNTk0NDg0NzYwLjgyNiwiaXAiOiI6OjEiLCJ1YSI6Ik1vemlsbGEvNS4wIChXaW5kb3dzIE5UIDEwLjA7IFdpbjY0OyB4NjQpIEFwcGxlV2ViS2l0LzUzNy4zNiAoS0hUTUwsIGxpa2UgR2Vja28pIENocm9tZS84My4wLjQxMDMuOTcgU2FmYXJpLzUzNy4zNiIsImlhdCI6MTU5MTgwNjM2MH0.Wh8r5qIav-sjLGP5ixUfm_0v40pDdAwY8Y3QpV1S7-c', '2020-07-11 16:26:00', 1),
	(13, 1, '2020-06-10 18:29:06', 'eyJhbGciOiJIUzI1NiIsInR5cCI6IkpXVCJ9.eyJyb2xlIjoiYWRtaW5pc3RyYXRvciIsImlkIjoxLCJpZGVudGl0eSI6Im1pbGFudGV4IiwiZXhwIjoxNTk0NDg0OTQ2LjYzLCJpcCI6Ijo6MSIsInVhIjoiTW96aWxsYS81LjAgKFdpbmRvd3MgTlQgMTAuMDsgV2luNjQ7IHg2NCkgQXBwbGVXZWJLaXQvNTM3LjM2IChLSFRNTCwgbGlrZSBHZWNrbykgQ2hyb21lLzgzLjAuNDEwMy45NyBTYWZhcmkvNTM3LjM2IiwiaWF0IjoxNTkxODA2NTQ2fQ.nyf1B1lu8HiZ2CUG6H4NvqN_3z99GOETSvTfNz8TkFY', '2020-07-11 16:29:06', 1),
	(14, 1, '2020-06-10 18:30:14', 'eyJhbGciOiJIUzI1NiIsInR5cCI6IkpXVCJ9.eyJyb2xlIjoiYWRtaW5pc3RyYXRvciIsImlkIjoxLCJpZGVudGl0eSI6Im1pbGFudGV4IiwiZXhwIjoxNTk0NDg1MDE0LjM5OSwiaXAiOiI6OjEiLCJ1YSI6Ik1vemlsbGEvNS4wIChXaW5kb3dzIE5UIDEwLjA7IFdpbjY0OyB4NjQpIEFwcGxlV2ViS2l0LzUzNy4zNiAoS0hUTUwsIGxpa2UgR2Vja28pIENocm9tZS84My4wLjQxMDMuOTcgU2FmYXJpLzUzNy4zNiIsImlhdCI6MTU5MTgwNjYxNH0.b-8rHZPdAFkbgetPx1on_bMtYXqLNb37eviKszKkP2c', '2020-07-11 16:30:14', 1),
	(15, 1, '2020-06-10 18:32:56', 'eyJhbGciOiJIUzI1NiIsInR5cCI6IkpXVCJ9.eyJyb2xlIjoiYWRtaW5pc3RyYXRvciIsImlkIjoxLCJpZGVudGl0eSI6Im1pbGFudGV4IiwiZXhwIjoxNTk0NDg1MTc2LjEyNCwiaXAiOiI6OjEiLCJ1YSI6Ik1vemlsbGEvNS4wIChXaW5kb3dzIE5UIDEwLjA7IFdpbjY0OyB4NjQpIEFwcGxlV2ViS2l0LzUzNy4zNiAoS0hUTUwsIGxpa2UgR2Vja28pIENocm9tZS84My4wLjQxMDMuOTcgU2FmYXJpLzUzNy4zNiIsImlhdCI6MTU5MTgwNjc3Nn0.XezR7twb-HJhy6fh9wexvprf94TnMT9aWFuYRGDkC94', '2020-07-11 16:32:56', 1);
/*!40000 ALTER TABLE `administrator_token` ENABLE KEYS */;

DROP TABLE IF EXISTS `article`;
CREATE TABLE IF NOT EXISTS `article` (
  `article_id` int unsigned NOT NULL AUTO_INCREMENT,
  `name` varchar(128) CHARACTER SET utf8 COLLATE utf8_unicode_ci NOT NULL DEFAULT '0',
  `category_id` int unsigned NOT NULL DEFAULT '0',
  `excerpt` varchar(255) CHARACTER SET utf8 COLLATE utf8_unicode_ci NOT NULL DEFAULT '0',
  `description` text CHARACTER SET utf8 COLLATE utf8_unicode_ci NOT NULL,
  `status` enum('available','visible','hidden') CHARACTER SET utf8 COLLATE utf8_unicode_ci NOT NULL DEFAULT 'available',
  `is_promoted` tinyint unsigned NOT NULL DEFAULT '0',
  `created_at` timestamp NOT NULL DEFAULT CURRENT_TIMESTAMP,
  PRIMARY KEY (`article_id`),
  KEY `fk_article_category_id` (`category_id`),
  CONSTRAINT `fk_article_category_id` FOREIGN KEY (`category_id`) REFERENCES `category` (`category_id`) ON UPDATE CASCADE
) ENGINE=InnoDB AUTO_INCREMENT=4 DEFAULT CHARSET=utf8 COLLATE=utf8_unicode_ci;

DELETE FROM `article`;
/*!40000 ALTER TABLE `article` DISABLE KEYS */;
INSERT INTO `article` (`article_id`, `name`, `category_id`, `excerpt`, `description`, `status`, `is_promoted`, `created_at`) VALUES
	(1, 'ACME HDD 512GB', 5, 'Kratak opis...', 'Detaljan opis...', 'available', 0, '2020-04-01 19:22:05'),
	(2, 'ACME HD11 1024GB', 5, 'Neki kratak tekst 2...', 'Neki malo duzi tekst o proizvodu 2.', 'visible', 1, '2020-04-12 14:27:43'),
	(3, 'ACME laptop 3345', 3, 'Ovde je kratak opis...', 'Detaljan opis laptopa je ovde.', 'available', 0, '2020-05-19 18:35:09');
/*!40000 ALTER TABLE `article` ENABLE KEYS */;

DROP TABLE IF EXISTS `article_feature`;
CREATE TABLE IF NOT EXISTS `article_feature` (
  `article_feature_id` int unsigned NOT NULL AUTO_INCREMENT,
  `article_id` int unsigned NOT NULL DEFAULT '0',
  `feature_id` int unsigned NOT NULL DEFAULT '0',
  `value` varchar(255) COLLATE utf8_unicode_ci NOT NULL DEFAULT '0',
  PRIMARY KEY (`article_feature_id`),
  UNIQUE KEY `uq_article_feature_article_id_feature_id` (`article_id`,`feature_id`),
  KEY `fk_article_feature_feature_id` (`feature_id`),
  CONSTRAINT `fk_article_feature_article_id` FOREIGN KEY (`article_id`) REFERENCES `article` (`article_id`) ON UPDATE CASCADE,
  CONSTRAINT `fk_article_feature_feature_id` FOREIGN KEY (`feature_id`) REFERENCES `feature` (`feature_id`) ON UPDATE CASCADE
) ENGINE=InnoDB AUTO_INCREMENT=11 DEFAULT CHARSET=utf8 COLLATE=utf8_unicode_ci;

DELETE FROM `article_feature`;
/*!40000 ALTER TABLE `article_feature` DISABLE KEYS */;
INSERT INTO `article_feature` (`article_feature_id`, `article_id`, `feature_id`, `value`) VALUES
	(1, 1, 1, '512GB'),
	(2, 1, 2, 'SATA 3.0'),
	(3, 1, 3, 'SSD'),
	(6, 2, 1, '1024GB'),
	(7, 2, 2, 'SATA 3.0'),
	(8, 3, 8, 'ACME'),
	(9, 3, 9, '15.6"'),
	(10, 3, 10, 'Bez OS');
/*!40000 ALTER TABLE `article_feature` ENABLE KEYS */;

DROP TABLE IF EXISTS `article_price`;
CREATE TABLE IF NOT EXISTS `article_price` (
  `article_price_id` int unsigned NOT NULL AUTO_INCREMENT,
  `article_id` int unsigned NOT NULL DEFAULT '0',
  `price` decimal(10,2) unsigned NOT NULL DEFAULT '0.00',
  `created_at` timestamp NOT NULL DEFAULT CURRENT_TIMESTAMP,
  PRIMARY KEY (`article_price_id`),
  KEY `fk_article_price_article_id` (`article_id`),
  CONSTRAINT `fk_article_price_article_id` FOREIGN KEY (`article_id`) REFERENCES `article` (`article_id`) ON UPDATE CASCADE
) ENGINE=InnoDB AUTO_INCREMENT=7 DEFAULT CHARSET=utf8 COLLATE=utf8_unicode_ci;

DELETE FROM `article_price`;
/*!40000 ALTER TABLE `article_price` DISABLE KEYS */;
INSERT INTO `article_price` (`article_price_id`, `article_id`, `price`, `created_at`) VALUES
	(1, 1, 45.00, '2020-04-01 19:30:53'),
	(2, 1, 43.56, '2020-04-01 19:30:59'),
	(3, 2, 56.89, '2020-04-12 14:27:43'),
	(4, 2, 57.11, '2020-05-06 19:29:20'),
	(5, 3, 340.00, '2020-05-19 18:35:28'),
	(6, 1, 80.00, '2020-06-09 20:32:06');
/*!40000 ALTER TABLE `article_price` ENABLE KEYS */;

DROP TABLE IF EXISTS `cart`;
CREATE TABLE IF NOT EXISTS `cart` (
  `cart_id` int unsigned NOT NULL AUTO_INCREMENT,
  `user_id` int unsigned NOT NULL DEFAULT '0',
  `created_at` timestamp NOT NULL DEFAULT CURRENT_TIMESTAMP,
  PRIMARY KEY (`cart_id`),
  KEY `fk_cart_user_id` (`user_id`),
  CONSTRAINT `fk_cart_user_id` FOREIGN KEY (`user_id`) REFERENCES `user` (`user_id`) ON UPDATE CASCADE
) ENGINE=InnoDB AUTO_INCREMENT=12 DEFAULT CHARSET=utf8 COLLATE=utf8_unicode_ci;

DELETE FROM `cart`;
/*!40000 ALTER TABLE `cart` DISABLE KEYS */;
INSERT INTO `cart` (`cart_id`, `user_id`, `created_at`) VALUES
	(1, 1, '2020-05-13 20:56:11'),
	(2, 1, '2020-05-13 21:00:14'),
	(3, 1, '2020-05-13 21:33:11'),
	(4, 1, '2020-05-13 21:33:33'),
	(5, 1, '2020-05-25 11:27:19'),
	(6, 1, '2020-06-06 21:54:32'),
	(7, 4, '2020-06-06 22:11:55'),
	(8, 4, '2020-06-06 23:30:58'),
	(9, 4, '2020-06-09 20:14:55'),
	(10, 4, '2020-06-09 20:47:44'),
	(11, 4, '2020-06-10 15:35:11');
/*!40000 ALTER TABLE `cart` ENABLE KEYS */;

DROP TABLE IF EXISTS `cart_article`;
CREATE TABLE IF NOT EXISTS `cart_article` (
  `cart_article_id` int unsigned NOT NULL AUTO_INCREMENT,
  `cart_id` int unsigned NOT NULL DEFAULT '0',
  `article_id` int unsigned NOT NULL DEFAULT '0',
  `quantity` int unsigned NOT NULL DEFAULT '0',
  PRIMARY KEY (`cart_article_id`),
  UNIQUE KEY `uq_cart_article_cart_id_article_id` (`cart_id`,`article_id`),
  KEY `fk_cart_article_article_id` (`article_id`),
  CONSTRAINT `fk_cart_article_article_id` FOREIGN KEY (`article_id`) REFERENCES `article` (`article_id`) ON UPDATE CASCADE,
  CONSTRAINT `fk_cart_article_cart_id` FOREIGN KEY (`cart_id`) REFERENCES `cart` (`cart_id`) ON UPDATE CASCADE
) ENGINE=InnoDB AUTO_INCREMENT=22 DEFAULT CHARSET=utf8 COLLATE=utf8_unicode_ci;

DELETE FROM `cart_article`;
/*!40000 ALTER TABLE `cart_article` DISABLE KEYS */;
INSERT INTO `cart_article` (`cart_article_id`, `cart_id`, `article_id`, `quantity`) VALUES
	(1, 1, 1, 4),
	(2, 1, 2, 2),
	(5, 2, 2, 2),
	(6, 3, 1, 1),
	(7, 4, 1, 3),
	(8, 4, 2, 1),
	(9, 5, 2, 1),
	(10, 5, 1, 3),
	(11, 6, 1, 1),
	(12, 7, 1, 2),
	(15, 7, 2, 1),
	(17, 8, 1, 2),
	(19, 8, 2, 1),
	(20, 9, 1, 1),
	(21, 10, 1, 1);
/*!40000 ALTER TABLE `cart_article` ENABLE KEYS */;

DROP TABLE IF EXISTS `category`;
CREATE TABLE IF NOT EXISTS `category` (
  `category_id` int unsigned NOT NULL AUTO_INCREMENT,
  `name` varchar(32) COLLATE utf8_unicode_ci NOT NULL DEFAULT '0',
  `image_path` varchar(128) COLLATE utf8_unicode_ci NOT NULL DEFAULT '0',
  `parent__category_id` int unsigned DEFAULT NULL,
  PRIMARY KEY (`category_id`),
  UNIQUE KEY `uq_category_name` (`name`),
  UNIQUE KEY `uq_category_image_path` (`image_path`),
  KEY `fk_category_parent__category_id` (`parent__category_id`),
  CONSTRAINT `fk_category_parent__category_id` FOREIGN KEY (`parent__category_id`) REFERENCES `category` (`category_id`) ON UPDATE CASCADE
) ENGINE=InnoDB AUTO_INCREMENT=9 DEFAULT CHARSET=utf8 COLLATE=utf8_unicode_ci;

DELETE FROM `category`;
/*!40000 ALTER TABLE `category` DISABLE KEYS */;
INSERT INTO `category` (`category_id`, `name`, `image_path`, `parent__category_id`) VALUES
	(1, 'Računarske komponente', 'assets/pc.jpg', NULL),
	(2, 'Kućna elektronika', 'assets/home.jpg', NULL),
	(3, 'Laptop računari', 'assets/pc/laptop.jpg', 1),
	(4, 'Memorijski mediji', 'assets/pc/memory.jpg', 1),
	(5, 'Hard diskovi', 'assets/pc/memory/hdd.jpg', 4),
	(7, 'Periferije', 'http://slike.com/keyboard-mice.png', 1),
	(8, 'Miševi', 'http://slike.com/mis.jpg', 7);
/*!40000 ALTER TABLE `category` ENABLE KEYS */;

DROP TABLE IF EXISTS `feature`;
CREATE TABLE IF NOT EXISTS `feature` (
  `feature_id` int unsigned NOT NULL AUTO_INCREMENT,
  `name` varchar(32) COLLATE utf8_unicode_ci NOT NULL DEFAULT '0',
  `category_id` int unsigned NOT NULL DEFAULT '0',
  PRIMARY KEY (`feature_id`),
  UNIQUE KEY `uq_feature_name_category_id` (`name`,`category_id`),
  KEY `fk_feature_category_id` (`category_id`),
  CONSTRAINT `fk_feature_category_id` FOREIGN KEY (`category_id`) REFERENCES `category` (`category_id`) ON UPDATE CASCADE
) ENGINE=InnoDB AUTO_INCREMENT=11 DEFAULT CHARSET=utf8 COLLATE=utf8_unicode_ci;

DELETE FROM `feature`;
/*!40000 ALTER TABLE `feature` DISABLE KEYS */;
INSERT INTO `feature` (`feature_id`, `name`, `category_id`) VALUES
	(9, 'Dijagonala ekrana', 3),
	(1, 'Kapacitet', 5),
	(4, 'Napon', 2),
	(10, 'Operativni sistem', 3),
	(7, 'Proizvođač', 2),
	(8, 'Proizvođač', 3),
	(6, 'Snaga', 2),
	(3, 'Tehnologija', 5),
	(2, 'Tip', 5);
/*!40000 ALTER TABLE `feature` ENABLE KEYS */;

DROP TABLE IF EXISTS `order`;
CREATE TABLE IF NOT EXISTS `order` (
  `order_id` int unsigned NOT NULL AUTO_INCREMENT,
  `created_at` timestamp NOT NULL DEFAULT CURRENT_TIMESTAMP,
  `cart_id` int unsigned NOT NULL DEFAULT '0',
  `status` enum('rejected','accepted','shipped','pending') COLLATE utf8_unicode_ci NOT NULL DEFAULT 'pending',
  PRIMARY KEY (`order_id`),
  UNIQUE KEY `uq_order_cart_id` (`cart_id`),
  CONSTRAINT `fk_order_cart_id` FOREIGN KEY (`cart_id`) REFERENCES `cart` (`cart_id`) ON UPDATE CASCADE
) ENGINE=InnoDB AUTO_INCREMENT=11 DEFAULT CHARSET=utf8 COLLATE=utf8_unicode_ci;

DELETE FROM `order`;
/*!40000 ALTER TABLE `order` DISABLE KEYS */;
INSERT INTO `order` (`order_id`, `created_at`, `cart_id`, `status`) VALUES
	(1, '2020-05-13 20:59:47', 1, 'shipped'),
	(3, '2020-05-13 21:32:34', 2, 'pending'),
	(4, '2020-05-13 21:33:29', 3, 'pending'),
	(5, '2020-05-25 11:00:36', 4, 'rejected'),
	(6, '2020-05-25 11:27:46', 5, 'accepted'),
	(7, '2020-06-06 23:29:56', 7, 'pending'),
	(8, '2020-06-09 19:47:41', 8, 'pending'),
	(9, '2020-06-09 20:42:36', 9, 'pending'),
	(10, '2020-06-09 20:47:43', 10, 'pending');
/*!40000 ALTER TABLE `order` ENABLE KEYS */;

DROP TABLE IF EXISTS `photo`;
CREATE TABLE IF NOT EXISTS `photo` (
  `photo_id` int unsigned NOT NULL AUTO_INCREMENT,
  `article_id` int unsigned NOT NULL DEFAULT '0',
  `image_path` varchar(128) COLLATE utf8_unicode_ci NOT NULL DEFAULT '0',
  PRIMARY KEY (`photo_id`),
  UNIQUE KEY `uq_photo_image_path` (`image_path`),
  KEY `fk_photo_article_id` (`article_id`),
  CONSTRAINT `fk_photo_article_id` FOREIGN KEY (`article_id`) REFERENCES `article` (`article_id`) ON UPDATE CASCADE
) ENGINE=InnoDB AUTO_INCREMENT=10 DEFAULT CHARSET=utf8 COLLATE=utf8_unicode_ci;

DELETE FROM `photo`;
/*!40000 ALTER TABLE `photo` DISABLE KEYS */;
INSERT INTO `photo` (`photo_id`, `article_id`, `image_path`) VALUES
	(8, 2, '2020427-2312231908-hard-disk-slika-2.jpg'),
	(9, 1, '2020427-1791442987-hard-disk-slika-2.jpg');
/*!40000 ALTER TABLE `photo` ENABLE KEYS */;

DROP TABLE IF EXISTS `user`;
CREATE TABLE IF NOT EXISTS `user` (
  `user_id` int unsigned NOT NULL AUTO_INCREMENT,
  `email` varchar(255) COLLATE utf8_unicode_ci NOT NULL DEFAULT '0',
  `password_hash` varchar(128) COLLATE utf8_unicode_ci NOT NULL DEFAULT '0',
  `forename` varchar(64) COLLATE utf8_unicode_ci NOT NULL DEFAULT '0',
  `surname` varchar(64) COLLATE utf8_unicode_ci NOT NULL DEFAULT '0',
  `phone_number` varchar(24) COLLATE utf8_unicode_ci NOT NULL DEFAULT '0',
  `postal_address` text COLLATE utf8_unicode_ci NOT NULL,
  PRIMARY KEY (`user_id`),
  UNIQUE KEY `uq_user_email` (`email`),
  UNIQUE KEY `uq_user_phone_number` (`phone_number`)
) ENGINE=InnoDB AUTO_INCREMENT=5 DEFAULT CHARSET=utf8 COLLATE=utf8_unicode_ci;

DELETE FROM `user`;
/*!40000 ALTER TABLE `user` DISABLE KEYS */;
INSERT INTO `user` (`user_id`, `email`, `password_hash`, `forename`, `surname`, `phone_number`, `postal_address`) VALUES
	(1, 'test@test.rs', '8D2F4D9C7F87141F0810F1ACD6C0462FF0319BB049AA88EA4E310649628091DE316CF1392E19AF4F0A327826545F63E4E969838F5E7D572A475DE3255B738ACA', 'Pera', 'Peric', '+38166999999', 'Nepoznata adresa bb, Glavna Luka, Nedodjija'),
	(3, 'test123@test.rs', 'C70B5DD9EBFB6F51D09D4132B7170C9D20750A7852F00680F65658F0310E810056E6763C34C9A00B0E940076F54495C169FC2302CCEB312039271C43469507DC', 'Milan', 'Milanovic', '+381113000000', 'Nova adresa bb, Glavna Luka, Nedodjija'),
	(4, 'proba@proba.com', 'AF909626E742102D4DCFB06B5D15A1535C1AC38C471473FAEDE1F36CF9CA06FF5E20FD6BCB059E72486A0C3C71CBB04C7A5CAD155E2FEA11ACE0408FA9CC3F9D', 'Proba', 'Test', '+381117777777', 'Neka adresa 31\n11000 Beograd\nR. Srbija');
/*!40000 ALTER TABLE `user` ENABLE KEYS */;

DROP TABLE IF EXISTS `user_token`;
CREATE TABLE IF NOT EXISTS `user_token` (
  `user_token_id` int unsigned NOT NULL AUTO_INCREMENT,
  `user_id` int unsigned NOT NULL,
  `created_at` timestamp NOT NULL DEFAULT CURRENT_TIMESTAMP,
  `token` text NOT NULL,
  `expires_at` datetime NOT NULL,
  `is_valid` tinyint unsigned NOT NULL DEFAULT '1',
  PRIMARY KEY (`user_token_id`),
  KEY `fk_user_token_user_id` (`user_id`),
  CONSTRAINT `fk_user_token_user_id` FOREIGN KEY (`user_id`) REFERENCES `user` (`user_id`) ON UPDATE CASCADE
) ENGINE=InnoDB AUTO_INCREMENT=65 DEFAULT CHARSET=utf8mb4 COLLATE=utf8mb4_0900_ai_ci;

DELETE FROM `user_token`;
/*!40000 ALTER TABLE `user_token` DISABLE KEYS */;
INSERT INTO `user_token` (`user_token_id`, `user_id`, `created_at`, `token`, `expires_at`, `is_valid`) VALUES
	(1, 1, '2020-05-26 20:07:58', 'eyJhbGciOiJIUzI1NiIsInR5cCI6IkpXVCJ9.eyJyb2xlIjoidXNlciIsImlkIjoxLCJpZGVudGl0eSI6InRlc3RAdGVzdC5ycyIsImV4cCI6MTU5MzE5NDg3OC4yNiwiaXAiOiI6OjEiLCJ1YSI6IlBvc3RtYW5SdW50aW1lLzcuMjQuMSIsImlhdCI6MTU5MDUxNjQ3OH0.N2yZwlKivjKSiWtF_u75Wq4OIQPdYBX_7Y6gshTJ18M', '2020-06-26 18:07:58', 0),
	(2, 1, '2020-05-26 20:32:32', 'eyJhbGciOiJIUzI1NiIsInR5cCI6IkpXVCJ9.eyJyb2xlIjoidXNlciIsImlkIjoxLCJpZGVudGl0eSI6InRlc3RAdGVzdC5ycyIsImV4cCI6MTU5MzE5NjM1Mi42OTMsImlwIjoiOjoxIiwidWEiOiJQb3N0bWFuUnVudGltZS83LjI0LjEiLCJpYXQiOjE1OTA1MTc5NTJ9.ZepJ_oGR0JsRw75JcAb45M94awFB57VJ1vz3TeD-jZY', '2020-06-26 18:32:32', 1),
	(3, 1, '2020-05-28 20:29:19', 'eyJhbGciOiJIUzI1NiIsInR5cCI6IkpXVCJ9.eyJyb2xlIjoidXNlciIsImlkIjoxLCJpZGVudGl0eSI6InRlc3RAdGVzdC5ycyIsImV4cCI6MTU5MzM2ODk1OS40MTcsImlwIjoiOjoxIiwidWEiOiJQb3N0bWFuUnVudGltZS83LjI1LjAiLCJpYXQiOjE1OTA2OTA1NTl9.jt7nutDKij-WBnw9Tat_IKG_q7BqZn1WBkrhz02SobQ', '2020-06-28 18:29:19', 1),
	(4, 1, '2020-05-28 20:32:29', 'eyJhbGciOiJIUzI1NiIsInR5cCI6IkpXVCJ9.eyJyb2xlIjoidXNlciIsImlkIjoxLCJpZGVudGl0eSI6InRlc3RAdGVzdC5ycyIsImV4cCI6MTU5MzM2OTE0OS40OCwiaXAiOiI6OjEiLCJ1YSI6IlBvc3RtYW5SdW50aW1lLzcuMjUuMCIsImlhdCI6MTU5MDY5MDc0OX0.nYJiiHl13_p2FuMjq8m3GuaYQJBa2LS5deHsjNeNWJo', '2020-06-28 18:32:29', 1),
	(5, 1, '2020-05-28 20:37:54', 'eyJhbGciOiJIUzI1NiIsInR5cCI6IkpXVCJ9.eyJyb2xlIjoidXNlciIsImlkIjoxLCJpZGVudGl0eSI6InRlc3RAdGVzdC5ycyIsImV4cCI6MTU5MzM2OTQ3NC43MDYsImlwIjoiOjoxIiwidWEiOiJNb3ppbGxhLzUuMCAoV2luZG93cyBOVCAxMC4wOyBXaW42NDsgeDY0KSBBcHBsZVdlYktpdC81MzcuMzYgKEtIVE1MLCBsaWtlIEdlY2tvKSBDaHJvbWUvODMuMC40MTAzLjYxIFNhZmFyaS81MzcuMzYiLCJpYXQiOjE1OTA2OTEwNzR9.yYfDMrx33-FPCy0f4CF3BvntPExWdn958CRs4NLH--c', '2020-06-28 18:37:54', 1),
	(6, 1, '2020-05-29 10:36:34', 'eyJhbGciOiJIUzI1NiIsInR5cCI6IkpXVCJ9.eyJyb2xlIjoidXNlciIsImlkIjoxLCJpZGVudGl0eSI6InRlc3RAdGVzdC5ycyIsImV4cCI6MTU5MzQxOTc5NC42NCwiaXAiOiI6OjEiLCJ1YSI6Ik1vemlsbGEvNS4wIChXaW5kb3dzIE5UIDEwLjA7IFdpbjY0OyB4NjQpIEFwcGxlV2ViS2l0LzUzNy4zNiAoS0hUTUwsIGxpa2UgR2Vja28pIENocm9tZS84My4wLjQxMDMuNjEgU2FmYXJpLzUzNy4zNiIsImlhdCI6MTU5MDc0MTM5NH0.XKyYLKMEhX2gq8bvNrCn6d2bxKtgyCu_d8kp3PWmZuM', '2020-06-29 08:36:34', 1),
	(7, 1, '2020-05-29 15:22:54', 'eyJhbGciOiJIUzI1NiIsInR5cCI6IkpXVCJ9.eyJyb2xlIjoidXNlciIsImlkIjoxLCJpZGVudGl0eSI6InRlc3RAdGVzdC5ycyIsImV4cCI6MTU5MzQzNjk3NC42OTcsImlwIjoiOjoxIiwidWEiOiJNb3ppbGxhLzUuMCAoV2luZG93cyBOVCAxMC4wOyBXaW42NDsgeDY0KSBBcHBsZVdlYktpdC81MzcuMzYgKEtIVE1MLCBsaWtlIEdlY2tvKSBDaHJvbWUvODMuMC40MTAzLjYxIFNhZmFyaS81MzcuMzYiLCJpYXQiOjE1OTA3NTg1NzR9.ooA7wBvoomdEas3qJFcZ3tdWrTWTDAdynVg-Q6Q03xg', '2020-06-29 13:22:54', 1),
	(8, 1, '2020-05-29 15:23:35', 'eyJhbGciOiJIUzI1NiIsInR5cCI6IkpXVCJ9.eyJyb2xlIjoidXNlciIsImlkIjoxLCJpZGVudGl0eSI6InRlc3RAdGVzdC5ycyIsImV4cCI6MTU5MzQzNzAxNS4zMTgsImlwIjoiOjoxIiwidWEiOiJNb3ppbGxhLzUuMCAoV2luZG93cyBOVCAxMC4wOyBXaW42NDsgeDY0KSBBcHBsZVdlYktpdC81MzcuMzYgKEtIVE1MLCBsaWtlIEdlY2tvKSBDaHJvbWUvODMuMC40MTAzLjYxIFNhZmFyaS81MzcuMzYiLCJpYXQiOjE1OTA3NTg2MTV9.AOaeBcra9yBj36WKB5kugnJQ-PN3m6JssPUwdCBUHZw', '2020-06-29 13:23:35', 1),
	(9, 1, '2020-05-29 15:23:42', 'eyJhbGciOiJIUzI1NiIsInR5cCI6IkpXVCJ9.eyJyb2xlIjoidXNlciIsImlkIjoxLCJpZGVudGl0eSI6InRlc3RAdGVzdC5ycyIsImV4cCI6MTU5MzQzNzAyMi42MTMsImlwIjoiOjoxIiwidWEiOiJNb3ppbGxhLzUuMCAoV2luZG93cyBOVCAxMC4wOyBXaW42NDsgeDY0KSBBcHBsZVdlYktpdC81MzcuMzYgKEtIVE1MLCBsaWtlIEdlY2tvKSBDaHJvbWUvODMuMC40MTAzLjYxIFNhZmFyaS81MzcuMzYiLCJpYXQiOjE1OTA3NTg2MjJ9.yLR7Z0rv6Suv0qIpALQG4eeAzmZsKbfMmTrNy2B5HPA', '2020-06-29 13:23:42', 1),
	(10, 1, '2020-05-29 15:24:48', 'eyJhbGciOiJIUzI1NiIsInR5cCI6IkpXVCJ9.eyJyb2xlIjoidXNlciIsImlkIjoxLCJpZGVudGl0eSI6InRlc3RAdGVzdC5ycyIsImV4cCI6MTU5MzQzNzA4OC43MTIsImlwIjoiOjoxIiwidWEiOiJNb3ppbGxhLzUuMCAoV2luZG93cyBOVCAxMC4wOyBXaW42NDsgeDY0KSBBcHBsZVdlYktpdC81MzcuMzYgKEtIVE1MLCBsaWtlIEdlY2tvKSBDaHJvbWUvODMuMC40MTAzLjYxIFNhZmFyaS81MzcuMzYiLCJpYXQiOjE1OTA3NTg2ODh9.TvSE2tXgMecfAWZ6H5dwkGuuMwQlQJz2-rJmkRi4HKk', '2020-06-29 13:24:48', 1),
	(11, 1, '2020-05-29 15:24:53', 'eyJhbGciOiJIUzI1NiIsInR5cCI6IkpXVCJ9.eyJyb2xlIjoidXNlciIsImlkIjoxLCJpZGVudGl0eSI6InRlc3RAdGVzdC5ycyIsImV4cCI6MTU5MzQzNzA5My42MDIsImlwIjoiOjoxIiwidWEiOiJNb3ppbGxhLzUuMCAoV2luZG93cyBOVCAxMC4wOyBXaW42NDsgeDY0KSBBcHBsZVdlYktpdC81MzcuMzYgKEtIVE1MLCBsaWtlIEdlY2tvKSBDaHJvbWUvODMuMC40MTAzLjYxIFNhZmFyaS81MzcuMzYiLCJpYXQiOjE1OTA3NTg2OTN9.RYDKvYwcB0-hlZxwOVnds2vMq8_r5wVhmpu3ZdTwWZs', '2020-06-29 13:24:53', 1),
	(12, 1, '2020-05-29 15:25:01', 'eyJhbGciOiJIUzI1NiIsInR5cCI6IkpXVCJ9.eyJyb2xlIjoidXNlciIsImlkIjoxLCJpZGVudGl0eSI6InRlc3RAdGVzdC5ycyIsImV4cCI6MTU5MzQzNzEwMS40NzUsImlwIjoiOjoxIiwidWEiOiJNb3ppbGxhLzUuMCAoV2luZG93cyBOVCAxMC4wOyBXaW42NDsgeDY0KSBBcHBsZVdlYktpdC81MzcuMzYgKEtIVE1MLCBsaWtlIEdlY2tvKSBDaHJvbWUvODMuMC40MTAzLjYxIFNhZmFyaS81MzcuMzYiLCJpYXQiOjE1OTA3NTg3MDF9.mJI07F_D4Yr_RnnmpKqhvbLZMJPcuRtg83aTa_ClmRk', '2020-06-29 13:25:01', 1),
	(13, 1, '2020-05-29 15:25:02', 'eyJhbGciOiJIUzI1NiIsInR5cCI6IkpXVCJ9.eyJyb2xlIjoidXNlciIsImlkIjoxLCJpZGVudGl0eSI6InRlc3RAdGVzdC5ycyIsImV4cCI6MTU5MzQzNzEwMi45NTksImlwIjoiOjoxIiwidWEiOiJNb3ppbGxhLzUuMCAoV2luZG93cyBOVCAxMC4wOyBXaW42NDsgeDY0KSBBcHBsZVdlYktpdC81MzcuMzYgKEtIVE1MLCBsaWtlIEdlY2tvKSBDaHJvbWUvODMuMC40MTAzLjYxIFNhZmFyaS81MzcuMzYiLCJpYXQiOjE1OTA3NTg3MDJ9.j-SCokeBFs_ypwAdLsFahLLyN3D-Btd3jPeIvf8Lqp8', '2020-06-29 13:25:02', 1),
	(14, 1, '2020-05-29 15:25:03', 'eyJhbGciOiJIUzI1NiIsInR5cCI6IkpXVCJ9.eyJyb2xlIjoidXNlciIsImlkIjoxLCJpZGVudGl0eSI6InRlc3RAdGVzdC5ycyIsImV4cCI6MTU5MzQzNzEwMy4xNjMsImlwIjoiOjoxIiwidWEiOiJNb3ppbGxhLzUuMCAoV2luZG93cyBOVCAxMC4wOyBXaW42NDsgeDY0KSBBcHBsZVdlYktpdC81MzcuMzYgKEtIVE1MLCBsaWtlIEdlY2tvKSBDaHJvbWUvODMuMC40MTAzLjYxIFNhZmFyaS81MzcuMzYiLCJpYXQiOjE1OTA3NTg3MDN9.EtpXOCe5HfMDaGCyqos6nLMRRpge_4InGJjpmgSv_uY', '2020-06-29 13:25:03', 1),
	(15, 1, '2020-05-29 15:25:03', 'eyJhbGciOiJIUzI1NiIsInR5cCI6IkpXVCJ9.eyJyb2xlIjoidXNlciIsImlkIjoxLCJpZGVudGl0eSI6InRlc3RAdGVzdC5ycyIsImV4cCI6MTU5MzQzNzEwMy4zMjQsImlwIjoiOjoxIiwidWEiOiJNb3ppbGxhLzUuMCAoV2luZG93cyBOVCAxMC4wOyBXaW42NDsgeDY0KSBBcHBsZVdlYktpdC81MzcuMzYgKEtIVE1MLCBsaWtlIEdlY2tvKSBDaHJvbWUvODMuMC40MTAzLjYxIFNhZmFyaS81MzcuMzYiLCJpYXQiOjE1OTA3NTg3MDN9.SgLyqf2AbG6S7t8HpDfBZu2twMgx4XO_0dqOsNYG7YA', '2020-06-29 13:25:03', 1),
	(16, 1, '2020-05-29 15:25:05', 'eyJhbGciOiJIUzI1NiIsInR5cCI6IkpXVCJ9.eyJyb2xlIjoidXNlciIsImlkIjoxLCJpZGVudGl0eSI6InRlc3RAdGVzdC5ycyIsImV4cCI6MTU5MzQzNzEwNS4yNTMsImlwIjoiOjoxIiwidWEiOiJNb3ppbGxhLzUuMCAoV2luZG93cyBOVCAxMC4wOyBXaW42NDsgeDY0KSBBcHBsZVdlYktpdC81MzcuMzYgKEtIVE1MLCBsaWtlIEdlY2tvKSBDaHJvbWUvODMuMC40MTAzLjYxIFNhZmFyaS81MzcuMzYiLCJpYXQiOjE1OTA3NTg3MDV9.3rwyaR0LIhlxQkJdpatPYg86dmcYQ16GDFbywhxH5CY', '2020-06-29 13:25:05', 1),
	(17, 1, '2020-05-29 15:25:09', 'eyJhbGciOiJIUzI1NiIsInR5cCI6IkpXVCJ9.eyJyb2xlIjoidXNlciIsImlkIjoxLCJpZGVudGl0eSI6InRlc3RAdGVzdC5ycyIsImV4cCI6MTU5MzQzNzEwOS45NjcsImlwIjoiOjoxIiwidWEiOiJNb3ppbGxhLzUuMCAoV2luZG93cyBOVCAxMC4wOyBXaW42NDsgeDY0KSBBcHBsZVdlYktpdC81MzcuMzYgKEtIVE1MLCBsaWtlIEdlY2tvKSBDaHJvbWUvODMuMC40MTAzLjYxIFNhZmFyaS81MzcuMzYiLCJpYXQiOjE1OTA3NTg3MDl9.Olmveq-Rei-NNst9HqDfopMwG2o10V57gDCZzU4Qix8', '2020-06-29 13:25:09', 1),
	(18, 1, '2020-05-29 15:25:40', 'eyJhbGciOiJIUzI1NiIsInR5cCI6IkpXVCJ9.eyJyb2xlIjoidXNlciIsImlkIjoxLCJpZGVudGl0eSI6InRlc3RAdGVzdC5ycyIsImV4cCI6MTU5MzQzNzE0MC4wNzcsImlwIjoiOjoxIiwidWEiOiJNb3ppbGxhLzUuMCAoV2luZG93cyBOVCAxMC4wOyBXaW42NDsgeDY0KSBBcHBsZVdlYktpdC81MzcuMzYgKEtIVE1MLCBsaWtlIEdlY2tvKSBDaHJvbWUvODMuMC40MTAzLjYxIFNhZmFyaS81MzcuMzYiLCJpYXQiOjE1OTA3NTg3NDB9.y9FrE6tZx3wJ6ocOHtuIFpT0N19Fl5X6ODiGjwfHusw', '2020-06-29 13:25:40', 1),
	(19, 1, '2020-05-29 15:30:27', 'eyJhbGciOiJIUzI1NiIsInR5cCI6IkpXVCJ9.eyJyb2xlIjoidXNlciIsImlkIjoxLCJpZGVudGl0eSI6InRlc3RAdGVzdC5ycyIsImV4cCI6MTU5MzQzNzQyNy4wNiwiaXAiOiI6OjEiLCJ1YSI6Ik1vemlsbGEvNS4wIChXaW5kb3dzIE5UIDEwLjA7IFdpbjY0OyB4NjQpIEFwcGxlV2ViS2l0LzUzNy4zNiAoS0hUTUwsIGxpa2UgR2Vja28pIENocm9tZS84My4wLjQxMDMuNjEgU2FmYXJpLzUzNy4zNiIsImlhdCI6MTU5MDc1OTAyN30._EhuuEApGatnBBgV0SJF5W1MFt1g55mVPdV8n6dIFCw', '2020-06-29 13:30:27', 1),
	(20, 1, '2020-05-29 16:08:10', 'eyJhbGciOiJIUzI1NiIsInR5cCI6IkpXVCJ9.eyJyb2xlIjoidXNlciIsImlkIjoxLCJpZGVudGl0eSI6InRlc3RAdGVzdC5ycyIsImV4cCI6MTU5MzQzOTY5MC4xMywiaXAiOiI6OjEiLCJ1YSI6Ik1vemlsbGEvNS4wIChXaW5kb3dzIE5UIDEwLjA7IFdpbjY0OyB4NjQpIEFwcGxlV2ViS2l0LzUzNy4zNiAoS0hUTUwsIGxpa2UgR2Vja28pIENocm9tZS84My4wLjQxMDMuNjEgU2FmYXJpLzUzNy4zNiIsImlhdCI6MTU5MDc2MTI5MH0._UuQVU2L0XgWd7ATGBPDJukuP28plYLbkJLxfTEiZvo', '2020-06-29 14:08:10', 1),
	(21, 1, '2020-05-30 20:48:36', 'eyJhbGciOiJIUzI1NiIsInR5cCI6IkpXVCJ9.eyJyb2xlIjoidXNlciIsImlkIjoxLCJpZGVudGl0eSI6InRlc3RAdGVzdC5ycyIsImV4cCI6MTU5MzU0MjkxNi4xMTIsImlwIjoiOjoxIiwidWEiOiJNb3ppbGxhLzUuMCAoV2luZG93cyBOVCAxMC4wOyBXaW42NDsgeDY0KSBBcHBsZVdlYktpdC81MzcuMzYgKEtIVE1MLCBsaWtlIEdlY2tvKSBDaHJvbWUvODMuMC40MTAzLjYxIFNhZmFyaS81MzcuMzYiLCJpYXQiOjE1OTA4NjQ1MTZ9.OnqVWV-C7tdDYsybcxZ929oxuzvA3j0MjkdOUHUXspU', '2020-06-30 18:48:36', 1),
	(22, 1, '2020-05-30 20:50:12', 'eyJhbGciOiJIUzI1NiIsInR5cCI6IkpXVCJ9.eyJyb2xlIjoidXNlciIsImlkIjoxLCJpZGVudGl0eSI6InRlc3RAdGVzdC5ycyIsImV4cCI6MTU5MzU0MzAxMi4wNjYsImlwIjoiOjoxIiwidWEiOiJNb3ppbGxhLzUuMCAoV2luZG93cyBOVCAxMC4wOyBXaW42NDsgeDY0KSBBcHBsZVdlYktpdC81MzcuMzYgKEtIVE1MLCBsaWtlIEdlY2tvKSBDaHJvbWUvODMuMC40MTAzLjYxIFNhZmFyaS81MzcuMzYiLCJpYXQiOjE1OTA4NjQ2MTJ9.XSzOSC4sYfjwpvPHJmY8g-zyfxAuFB5r18sf4jhZ9LM', '2020-06-30 18:50:12', 1),
	(23, 4, '2020-05-30 22:10:09', 'eyJhbGciOiJIUzI1NiIsInR5cCI6IkpXVCJ9.eyJyb2xlIjoidXNlciIsImlkIjo0LCJpZGVudGl0eSI6InByb2JhQHByb2JhLmNvbSIsImV4cCI6MTU5MzU0NzgwOS45ODcsImlwIjoiOjoxIiwidWEiOiJNb3ppbGxhLzUuMCAoV2luZG93cyBOVCAxMC4wOyBXaW42NDsgeDY0KSBBcHBsZVdlYktpdC81MzcuMzYgKEtIVE1MLCBsaWtlIEdlY2tvKSBDaHJvbWUvODMuMC40MTAzLjYxIFNhZmFyaS81MzcuMzYiLCJpYXQiOjE1OTA4Njk0MDl9.fRXVk7yYsvYWC5JoQJX_0x-NydryaL7lqv26en_S2fE', '2020-06-30 20:10:09', 1),
	(24, 4, '2020-05-30 22:55:03', 'eyJhbGciOiJIUzI1NiIsInR5cCI6IkpXVCJ9.eyJyb2xlIjoidXNlciIsImlkIjo0LCJpZGVudGl0eSI6InByb2JhQHByb2JhLmNvbSIsImV4cCI6MTU5MzU1MDUwMy4yMjIsImlwIjoiOjoxIiwidWEiOiJNb3ppbGxhLzUuMCAoV2luZG93cyBOVCAxMC4wOyBXaW42NDsgeDY0KSBBcHBsZVdlYktpdC81MzcuMzYgKEtIVE1MLCBsaWtlIEdlY2tvKSBDaHJvbWUvODMuMC40MTAzLjYxIFNhZmFyaS81MzcuMzYiLCJpYXQiOjE1OTA4NzIxMDN9.wEvnKUSkvmVonFH0afZbB09FtXl_wHAOcxaqSHR9qqE', '2020-06-30 20:55:03', 1),
	(25, 1, '2020-06-03 15:17:42', 'eyJhbGciOiJIUzI1NiIsInR5cCI6IkpXVCJ9.eyJyb2xlIjoidXNlciIsImlkIjoxLCJpZGVudGl0eSI6InRlc3RAdGVzdC5ycyIsImV4cCI6MTU5Mzg2ODY2Mi40NDgsImlwIjoiOjoxIiwidWEiOiJNb3ppbGxhLzUuMCAoV2luZG93cyBOVCAxMC4wOyBXaW42NDsgeDY0KSBBcHBsZVdlYktpdC81MzcuMzYgKEtIVE1MLCBsaWtlIEdlY2tvKSBDaHJvbWUvODMuMC40MTAzLjYxIFNhZmFyaS81MzcuMzYiLCJpYXQiOjE1OTExOTAyNjJ9.RQ1D7fQnjawSjttt4LoRfFxq7bwQVFDNJvpX7D1xF4c', '2020-07-04 13:17:42', 1),
	(26, 1, '2020-06-03 15:18:13', 'eyJhbGciOiJIUzI1NiIsInR5cCI6IkpXVCJ9.eyJyb2xlIjoidXNlciIsImlkIjoxLCJpZGVudGl0eSI6InRlc3RAdGVzdC5ycyIsImV4cCI6MTU5Mzg2ODY5My42MiwiaXAiOiI6OjEiLCJ1YSI6Ik1vemlsbGEvNS4wIChXaW5kb3dzIE5UIDEwLjA7IFdpbjY0OyB4NjQpIEFwcGxlV2ViS2l0LzUzNy4zNiAoS0hUTUwsIGxpa2UgR2Vja28pIENocm9tZS84My4wLjQxMDMuNjEgU2FmYXJpLzUzNy4zNiIsImlhdCI6MTU5MTE5MDI5M30.giXsPaviW6dAcSugOLwu-QYvxvSD3xsHWR8TILJ4TVM', '2020-07-04 13:18:13', 1),
	(27, 4, '2020-06-03 15:46:05', 'eyJhbGciOiJIUzI1NiIsInR5cCI6IkpXVCJ9.eyJyb2xlIjoidXNlciIsImlkIjo0LCJpZGVudGl0eSI6InByb2JhQHByb2JhLmNvbSIsImV4cCI6MTU5Mzg3MDM2NS4yMDIsImlwIjoiOjoxIiwidWEiOiJNb3ppbGxhLzUuMCAoV2luZG93cyBOVCAxMC4wOyBXaW42NDsgeDY0KSBBcHBsZVdlYktpdC81MzcuMzYgKEtIVE1MLCBsaWtlIEdlY2tvKSBDaHJvbWUvODMuMC40MTAzLjYxIFNhZmFyaS81MzcuMzYiLCJpYXQiOjE1OTExOTE5NjV9.0nWbZpFE1HumLPDxHLmKuodlE1kqE_XmqePDP_HhptY', '2020-07-04 13:46:05', 1),
	(28, 4, '2020-06-03 15:46:07', 'eyJhbGciOiJIUzI1NiIsInR5cCI6IkpXVCJ9.eyJyb2xlIjoidXNlciIsImlkIjo0LCJpZGVudGl0eSI6InByb2JhQHByb2JhLmNvbSIsImV4cCI6MTU5Mzg3MDM2Ny41NTgsImlwIjoiOjoxIiwidWEiOiJNb3ppbGxhLzUuMCAoV2luZG93cyBOVCAxMC4wOyBXaW42NDsgeDY0KSBBcHBsZVdlYktpdC81MzcuMzYgKEtIVE1MLCBsaWtlIEdlY2tvKSBDaHJvbWUvODMuMC40MTAzLjYxIFNhZmFyaS81MzcuMzYiLCJpYXQiOjE1OTExOTE5Njd9.tVS7MkdtTPGlnSBSVxY1txxDRY783gSGHlhf8MfpfBA', '2020-07-04 13:46:07', 1),
	(29, 4, '2020-06-03 15:46:08', 'eyJhbGciOiJIUzI1NiIsInR5cCI6IkpXVCJ9.eyJyb2xlIjoidXNlciIsImlkIjo0LCJpZGVudGl0eSI6InByb2JhQHByb2JhLmNvbSIsImV4cCI6MTU5Mzg3MDM2OC4xMDksImlwIjoiOjoxIiwidWEiOiJNb3ppbGxhLzUuMCAoV2luZG93cyBOVCAxMC4wOyBXaW42NDsgeDY0KSBBcHBsZVdlYktpdC81MzcuMzYgKEtIVE1MLCBsaWtlIEdlY2tvKSBDaHJvbWUvODMuMC40MTAzLjYxIFNhZmFyaS81MzcuMzYiLCJpYXQiOjE1OTExOTE5Njh9.7cvPzlf5pPwxJ4wnJYtAPdcLjD3ZwP3bmi7JsvOeexw', '2020-07-04 13:46:08', 1),
	(30, 4, '2020-06-03 15:46:08', 'eyJhbGciOiJIUzI1NiIsInR5cCI6IkpXVCJ9.eyJyb2xlIjoidXNlciIsImlkIjo0LCJpZGVudGl0eSI6InByb2JhQHByb2JhLmNvbSIsImV4cCI6MTU5Mzg3MDM2OC41NjYsImlwIjoiOjoxIiwidWEiOiJNb3ppbGxhLzUuMCAoV2luZG93cyBOVCAxMC4wOyBXaW42NDsgeDY0KSBBcHBsZVdlYktpdC81MzcuMzYgKEtIVE1MLCBsaWtlIEdlY2tvKSBDaHJvbWUvODMuMC40MTAzLjYxIFNhZmFyaS81MzcuMzYiLCJpYXQiOjE1OTExOTE5Njh9.3NyixmGKvrWgczFmG2sCpu8_nKch15YVayvR84EtRJI', '2020-07-04 13:46:08', 1),
	(31, 4, '2020-06-03 15:46:08', 'eyJhbGciOiJIUzI1NiIsInR5cCI6IkpXVCJ9.eyJyb2xlIjoidXNlciIsImlkIjo0LCJpZGVudGl0eSI6InByb2JhQHByb2JhLmNvbSIsImV4cCI6MTU5Mzg3MDM2OC45MjEsImlwIjoiOjoxIiwidWEiOiJNb3ppbGxhLzUuMCAoV2luZG93cyBOVCAxMC4wOyBXaW42NDsgeDY0KSBBcHBsZVdlYktpdC81MzcuMzYgKEtIVE1MLCBsaWtlIEdlY2tvKSBDaHJvbWUvODMuMC40MTAzLjYxIFNhZmFyaS81MzcuMzYiLCJpYXQiOjE1OTExOTE5Njh9.5-mAfVT8LzleYVpMXNk7Zb9WEqYpes0zQ4S_YxzbcXw', '2020-07-04 13:46:08', 1),
	(32, 4, '2020-06-03 15:46:09', 'eyJhbGciOiJIUzI1NiIsInR5cCI6IkpXVCJ9.eyJyb2xlIjoidXNlciIsImlkIjo0LCJpZGVudGl0eSI6InByb2JhQHByb2JhLmNvbSIsImV4cCI6MTU5Mzg3MDM2OS40MTYsImlwIjoiOjoxIiwidWEiOiJNb3ppbGxhLzUuMCAoV2luZG93cyBOVCAxMC4wOyBXaW42NDsgeDY0KSBBcHBsZVdlYktpdC81MzcuMzYgKEtIVE1MLCBsaWtlIEdlY2tvKSBDaHJvbWUvODMuMC40MTAzLjYxIFNhZmFyaS81MzcuMzYiLCJpYXQiOjE1OTExOTE5Njl9.Wz9rZjpBMFPuffh1zKY88kNNvQMTdyDZi4xuPB3-ol8', '2020-07-04 13:46:09', 1),
	(33, 4, '2020-06-03 15:46:09', 'eyJhbGciOiJIUzI1NiIsInR5cCI6IkpXVCJ9.eyJyb2xlIjoidXNlciIsImlkIjo0LCJpZGVudGl0eSI6InByb2JhQHByb2JhLmNvbSIsImV4cCI6MTU5Mzg3MDM2OS44MzYsImlwIjoiOjoxIiwidWEiOiJNb3ppbGxhLzUuMCAoV2luZG93cyBOVCAxMC4wOyBXaW42NDsgeDY0KSBBcHBsZVdlYktpdC81MzcuMzYgKEtIVE1MLCBsaWtlIEdlY2tvKSBDaHJvbWUvODMuMC40MTAzLjYxIFNhZmFyaS81MzcuMzYiLCJpYXQiOjE1OTExOTE5Njl9.XgT28lzdrlyneZx5M8SE4U9CHh9uepmG0BPbABPrnLA', '2020-07-04 13:46:09', 1),
	(34, 4, '2020-06-03 15:46:10', 'eyJhbGciOiJIUzI1NiIsInR5cCI6IkpXVCJ9.eyJyb2xlIjoidXNlciIsImlkIjo0LCJpZGVudGl0eSI6InByb2JhQHByb2JhLmNvbSIsImV4cCI6MTU5Mzg3MDM3MC4zNTQsImlwIjoiOjoxIiwidWEiOiJNb3ppbGxhLzUuMCAoV2luZG93cyBOVCAxMC4wOyBXaW42NDsgeDY0KSBBcHBsZVdlYktpdC81MzcuMzYgKEtIVE1MLCBsaWtlIEdlY2tvKSBDaHJvbWUvODMuMC40MTAzLjYxIFNhZmFyaS81MzcuMzYiLCJpYXQiOjE1OTExOTE5NzB9.w46Ejfz3VicJ5mCcNV27YqPfDN9qDIZlXH8B05M2a0U', '2020-07-04 13:46:10', 1),
	(35, 4, '2020-06-03 15:46:11', 'eyJhbGciOiJIUzI1NiIsInR5cCI6IkpXVCJ9.eyJyb2xlIjoidXNlciIsImlkIjo0LCJpZGVudGl0eSI6InByb2JhQHByb2JhLmNvbSIsImV4cCI6MTU5Mzg3MDM3MS41NTcsImlwIjoiOjoxIiwidWEiOiJNb3ppbGxhLzUuMCAoV2luZG93cyBOVCAxMC4wOyBXaW42NDsgeDY0KSBBcHBsZVdlYktpdC81MzcuMzYgKEtIVE1MLCBsaWtlIEdlY2tvKSBDaHJvbWUvODMuMC40MTAzLjYxIFNhZmFyaS81MzcuMzYiLCJpYXQiOjE1OTExOTE5NzF9.p7DJ2oNchjRhjfZDrPLTyfbjlwtGUgapJQdTjTsMJOw', '2020-07-04 13:46:11', 1),
	(36, 4, '2020-06-03 15:46:52', 'eyJhbGciOiJIUzI1NiIsInR5cCI6IkpXVCJ9.eyJyb2xlIjoidXNlciIsImlkIjo0LCJpZGVudGl0eSI6InByb2JhQHByb2JhLmNvbSIsImV4cCI6MTU5Mzg3MDQxMi4xMDUsImlwIjoiOjoxIiwidWEiOiJNb3ppbGxhLzUuMCAoV2luZG93cyBOVCAxMC4wOyBXaW42NDsgeDY0KSBBcHBsZVdlYktpdC81MzcuMzYgKEtIVE1MLCBsaWtlIEdlY2tvKSBDaHJvbWUvODMuMC40MTAzLjYxIFNhZmFyaS81MzcuMzYiLCJpYXQiOjE1OTExOTIwMTJ9.iwCaPy4ojOSvpJBin94jcDX73is_t4qb_-ua78v1pxk', '2020-07-04 13:46:52', 1),
	(37, 1, '2020-06-05 18:52:15', 'eyJhbGciOiJIUzI1NiIsInR5cCI6IkpXVCJ9.eyJyb2xlIjoidXNlciIsImlkIjoxLCJpZGVudGl0eSI6InRlc3RAdGVzdC5ycyIsImV4cCI6MTU5NDA1NDMzNS44MDIsImlwIjoiOjoxIiwidWEiOiJNb3ppbGxhLzUuMCAoV2luZG93cyBOVCAxMC4wOyBXaW42NDsgeDY0KSBBcHBsZVdlYktpdC81MzcuMzYgKEtIVE1MLCBsaWtlIEdlY2tvKSBDaHJvbWUvODMuMC40MTAzLjYxIFNhZmFyaS81MzcuMzYiLCJpYXQiOjE1OTEzNzU5MzV9.ur-LRUPFdAbtdwbZHAo8m_lwhpoUGqCFHYzNON90u1A', '2020-07-06 16:52:15', 1),
	(38, 1, '2020-06-05 18:53:00', 'eyJhbGciOiJIUzI1NiIsInR5cCI6IkpXVCJ9.eyJyb2xlIjoidXNlciIsImlkIjoxLCJpZGVudGl0eSI6InRlc3RAdGVzdC5ycyIsImV4cCI6MTU5NDA1NDM3OS45MjEsImlwIjoiOjoxIiwidWEiOiJNb3ppbGxhLzUuMCAoV2luZG93cyBOVCAxMC4wOyBXaW42NDsgeDY0KSBBcHBsZVdlYktpdC81MzcuMzYgKEtIVE1MLCBsaWtlIEdlY2tvKSBDaHJvbWUvODMuMC40MTAzLjYxIFNhZmFyaS81MzcuMzYiLCJpYXQiOjE1OTEzNzU5Nzl9._yruTZquaR-boeov9CciLNjb1WM1D0R_bo9ArZoOVL0', '2020-07-06 16:52:59', 1),
	(39, 1, '2020-06-05 19:01:53', 'eyJhbGciOiJIUzI1NiIsInR5cCI6IkpXVCJ9.eyJyb2xlIjoidXNlciIsImlkIjoxLCJpZGVudGl0eSI6InRlc3RAdGVzdC5ycyIsImV4cCI6MTU5NDA1NDkxMy4yMDEsImlwIjoiOjpmZmZmOjEyNy4wLjAuMSIsInVhIjoiTW96aWxsYS81LjAgKFdpbmRvd3MgTlQgMTAuMDsgV2luNjQ7IHg2NCkgQXBwbGVXZWJLaXQvNTM3LjM2IChLSFRNTCwgbGlrZSBHZWNrbykgQ2hyb21lLzgzLjAuNDEwMy42MSBTYWZhcmkvNTM3LjM2IiwiaWF0IjoxNTkxMzc2NTEzfQ.mPTGiq70yA215Kh_1JmzRnqk5V-Hvchf26I_wFShFIs', '2020-07-06 17:01:53', 1),
	(40, 1, '2020-06-05 19:08:17', 'eyJhbGciOiJIUzI1NiIsInR5cCI6IkpXVCJ9.eyJyb2xlIjoidXNlciIsImlkIjoxLCJpZGVudGl0eSI6InRlc3RAdGVzdC5ycyIsImV4cCI6MTU5NDA1NTI5Ny4wOCwiaXAiOiI6OjEiLCJ1YSI6Ik1vemlsbGEvNS4wIChXaW5kb3dzIE5UIDEwLjA7IFdpbjY0OyB4NjQpIEFwcGxlV2ViS2l0LzUzNy4zNiAoS0hUTUwsIGxpa2UgR2Vja28pIENocm9tZS84My4wLjQxMDMuNjEgU2FmYXJpLzUzNy4zNiIsImlhdCI6MTU5MTM3Njg5N30.hZH2C3OIHjornFEpCblmoY3921VZvVyDpftcEeH-26U', '2020-07-06 17:08:17', 1),
	(41, 1, '2020-06-05 19:10:18', 'eyJhbGciOiJIUzI1NiIsInR5cCI6IkpXVCJ9.eyJyb2xlIjoidXNlciIsImlkIjoxLCJpZGVudGl0eSI6InRlc3RAdGVzdC5ycyIsImV4cCI6MTU5NDA1NTQxOC41NjIsImlwIjoiOjoxIiwidWEiOiJNb3ppbGxhLzUuMCAoV2luZG93cyBOVCAxMC4wOyBXaW42NDsgeDY0KSBBcHBsZVdlYktpdC81MzcuMzYgKEtIVE1MLCBsaWtlIEdlY2tvKSBDaHJvbWUvODMuMC40MTAzLjYxIFNhZmFyaS81MzcuMzYiLCJpYXQiOjE1OTEzNzcwMTh9.CWfBR9F_x3ydLBpBOD69VIRRK_0PrLGjWzxtNEJwlfI', '2020-07-06 17:10:18', 1),
	(42, 1, '2020-06-05 19:10:34', 'eyJhbGciOiJIUzI1NiIsInR5cCI6IkpXVCJ9.eyJyb2xlIjoidXNlciIsImlkIjoxLCJpZGVudGl0eSI6InRlc3RAdGVzdC5ycyIsImV4cCI6MTU5NDA1NTQzNC42NjgsImlwIjoiOjoxIiwidWEiOiJQb3N0bWFuUnVudGltZS83LjI1LjAiLCJpYXQiOjE1OTEzNzcwMzR9.VX3-7XbDYiAX432-Q4XKBQ7ucG7x_9KCpQlS-tOPrfc', '2020-07-06 17:10:34', 1),
	(43, 1, '2020-06-05 19:10:46', 'eyJhbGciOiJIUzI1NiIsInR5cCI6IkpXVCJ9.eyJyb2xlIjoidXNlciIsImlkIjoxLCJpZGVudGl0eSI6InRlc3RAdGVzdC5ycyIsImV4cCI6MTU5NDA1NTQ0Ni4zMDgsImlwIjoiOjoxIiwidWEiOiJQb3N0bWFuUnVudGltZS83LjI1LjAiLCJpYXQiOjE1OTEzNzcwNDZ9.r-QFUPXCGy5OuCcVfS4sUhMI-V4Q59tyN7_BMXjfsyk', '2020-07-06 17:10:46', 1),
	(44, 1, '2020-06-05 19:11:41', 'eyJhbGciOiJIUzI1NiIsInR5cCI6IkpXVCJ9.eyJyb2xlIjoidXNlciIsImlkIjoxLCJpZGVudGl0eSI6InRlc3RAdGVzdC5ycyIsImV4cCI6MTU5NDA1NTUwMC45ODcsImlwIjoiOjoxIiwidWEiOiJQb3N0bWFuUnVudGltZS83LjI1LjAiLCJpYXQiOjE1OTEzNzcxMDB9.NVx9dqPeUpgakfAbgDRe44zDg3nw1xWqqN9fD_mOtIQ', '2020-07-06 17:11:40', 1),
	(45, 1, '2020-06-05 19:12:25', 'eyJhbGciOiJIUzI1NiIsInR5cCI6IkpXVCJ9.eyJyb2xlIjoidXNlciIsImlkIjoxLCJpZGVudGl0eSI6InRlc3RAdGVzdC5ycyIsImV4cCI6MTU5NDA1NTU0NS40NzQsImlwIjoiOjpmZmZmOjEyNy4wLjAuMSIsInVhIjoiUG9zdG1hblJ1bnRpbWUvNy4yNS4wIiwiaWF0IjoxNTkxMzc3MTQ1fQ.TBGsq82EPqjuLegCcLMesmNJEYXrvc2dCu2MoEUuPiQ', '2020-07-06 17:12:25', 1),
	(46, 1, '2020-06-05 19:13:13', 'eyJhbGciOiJIUzI1NiIsInR5cCI6IkpXVCJ9.eyJyb2xlIjoidXNlciIsImlkIjoxLCJpZGVudGl0eSI6InRlc3RAdGVzdC5ycyIsImV4cCI6MTU5NDA1NTU5My4zNzksImlwIjoiOjoxIiwidWEiOiJQb3N0bWFuUnVudGltZS83LjI1LjAiLCJpYXQiOjE1OTEzNzcxOTN9.W_QgbXTFW1g5PCTFT8KiRVBynEcQ5UCYSe1LzB7ZESQ', '2020-07-06 17:13:13', 1),
	(47, 1, '2020-06-05 19:14:14', 'eyJhbGciOiJIUzI1NiIsInR5cCI6IkpXVCJ9.eyJyb2xlIjoidXNlciIsImlkIjoxLCJpZGVudGl0eSI6InRlc3RAdGVzdC5ycyIsImV4cCI6MTU5NDA1NTY1NC4xODcsImlwIjoiOjpmZmZmOjEyNy4wLjAuMSIsInVhIjoiUG9zdG1hblJ1bnRpbWUvNy4yNS4wIiwiaWF0IjoxNTkxMzc3MjU0fQ.IHVgT99v0Mw6EDp6x-nhqviScaqTdBZ_7R8uuw48JpU', '2020-07-06 17:14:14', 1),
	(48, 1, '2020-06-05 19:14:34', 'eyJhbGciOiJIUzI1NiIsInR5cCI6IkpXVCJ9.eyJyb2xlIjoidXNlciIsImlkIjoxLCJpZGVudGl0eSI6InRlc3RAdGVzdC5ycyIsImV4cCI6MTU5NDA1NTY3NC4yMTUsImlwIjoiOjoxIiwidWEiOiJQb3N0bWFuUnVudGltZS83LjI1LjAiLCJpYXQiOjE1OTEzNzcyNzR9.bMdgpN_g0Uov7F88jsNJwBAg_KDh4Y4TUafkzWyoZrk', '2020-07-06 17:14:34', 1),
	(49, 1, '2020-06-05 19:16:11', 'eyJhbGciOiJIUzI1NiIsInR5cCI6IkpXVCJ9.eyJyb2xlIjoidXNlciIsImlkIjoxLCJpZGVudGl0eSI6InRlc3RAdGVzdC5ycyIsImV4cCI6MTU5NDA1NTc3MS4yOTgsImlwIjoiOjoxIiwidWEiOiJQb3N0bWFuUnVudGltZS83LjI1LjAiLCJpYXQiOjE1OTEzNzczNzF9.tx32IjfwqXXH9CvFGK61l9Yr4yoCchnN-RDC_vEvIGI', '2020-07-06 17:16:11', 1),
	(50, 1, '2020-06-05 19:20:58', 'eyJhbGciOiJIUzI1NiIsInR5cCI6IkpXVCJ9.eyJyb2xlIjoidXNlciIsImlkIjoxLCJpZGVudGl0eSI6InRlc3RAdGVzdC5ycyIsImV4cCI6MTU5NDA1NjA1OC4xNTMsImlwIjoiOjoxIiwidWEiOiJQb3N0bWFuUnVudGltZS83LjI1LjAiLCJpYXQiOjE1OTEzNzc2NTh9.RI16PZikeWoygLoGlA_Nf_4acOAfAI0ILTOHVDg3J9w', '2020-07-06 17:20:58', 1),
	(51, 1, '2020-06-05 19:22:20', 'eyJhbGciOiJIUzI1NiIsInR5cCI6IkpXVCJ9.eyJyb2xlIjoidXNlciIsImlkIjoxLCJpZGVudGl0eSI6InRlc3RAdGVzdC5ycyIsImV4cCI6MTU5NDA1NjE0MC42MDUsImlwIjoiOjpmZmZmOjEyNy4wLjAuMSIsInVhIjoiUG9zdG1hblJ1bnRpbWUvNy4yNS4wIiwiaWF0IjoxNTkxMzc3NzQwfQ.0Dbeslg8L_5JorUXOyHtV3SmtVMaWLEaIE70MMY9rJo', '2020-07-06 17:22:20', 1),
	(52, 1, '2020-06-05 19:22:42', 'eyJhbGciOiJIUzI1NiIsInR5cCI6IkpXVCJ9.eyJyb2xlIjoidXNlciIsImlkIjoxLCJpZGVudGl0eSI6InRlc3RAdGVzdC5ycyIsImV4cCI6MTU5NDA1NjE2Mi43OCwiaXAiOiI6OjEiLCJ1YSI6IlBvc3RtYW5SdW50aW1lLzcuMjUuMCIsImlhdCI6MTU5MTM3Nzc2Mn0.QCOkQSJu2YEDwcOoQlIRz0fjlmLVWksO1Pzdi7jSKPQ', '2020-07-06 17:22:42', 1),
	(53, 1, '2020-06-05 19:24:22', 'eyJhbGciOiJIUzI1NiIsInR5cCI6IkpXVCJ9.eyJyb2xlIjoidXNlciIsImlkIjoxLCJpZGVudGl0eSI6InRlc3RAdGVzdC5ycyIsImV4cCI6MTU5NDA1NjI2Mi40NDUsImlwIjoiOjoxIiwidWEiOiJQb3N0bWFuUnVudGltZS83LjI1LjAiLCJpYXQiOjE1OTEzNzc4NjJ9.dbW68xbym2BFHa2Q_ILNmkqAIGa37DuDJ09uLNZy8I0', '2020-07-06 17:24:22', 1),
	(54, 1, '2020-06-05 20:12:17', 'eyJhbGciOiJIUzI1NiIsInR5cCI6IkpXVCJ9.eyJyb2xlIjoidXNlciIsImlkIjoxLCJpZGVudGl0eSI6InRlc3RAdGVzdC5ycyIsImV4cCI6MTU5NDA1OTEzNy45MywiaXAiOiI6OjEiLCJ1YSI6IlBvc3RtYW5SdW50aW1lLzcuMjUuMCIsImlhdCI6MTU5MTM4MDczN30.H40Eb6iFJXZuRguA75ViThD3G54t2s36c-j3j4b_CoU', '2020-07-06 18:12:17', 1),
	(55, 1, '2020-06-05 20:26:44', 'eyJhbGciOiJIUzI1NiIsInR5cCI6IkpXVCJ9.eyJyb2xlIjoidXNlciIsImlkIjoxLCJpZGVudGl0eSI6InRlc3RAdGVzdC5ycyIsImV4cCI6MTU5NDA2MDAwNC40MDksImlwIjoiOjoxIiwidWEiOiJQb3N0bWFuUnVudGltZS83LjI1LjAiLCJpYXQiOjE1OTEzODE2MDR9.eVgrj4eqfdV6nXAyYNKZxMo6JP2PhCVNBsAPH50ANRw', '2020-07-06 18:26:44', 1),
	(56, 4, '2020-06-06 21:40:04', 'eyJhbGciOiJIUzI1NiIsInR5cCI6IkpXVCJ9.eyJyb2xlIjoidXNlciIsImlkIjo0LCJpZGVudGl0eSI6InByb2JhQHByb2JhLmNvbSIsImV4cCI6MTU5NDE1MDgwNC43ODEsImlwIjoiOjoxIiwidWEiOiJNb3ppbGxhLzUuMCAoV2luZG93cyBOVCAxMC4wOyBXaW42NDsgeDY0KSBBcHBsZVdlYktpdC81MzcuMzYgKEtIVE1MLCBsaWtlIEdlY2tvKSBDaHJvbWUvODMuMC40MTAzLjk3IFNhZmFyaS81MzcuMzYiLCJpYXQiOjE1OTE0NzI0MDR9.xlRokJ8_RdTjrLpG0oJuCKejafHX_rAuA8VTi49KH4k', '2020-07-07 19:40:04', 1),
	(57, 1, '2020-06-06 21:54:04', 'eyJhbGciOiJIUzI1NiIsInR5cCI6IkpXVCJ9.eyJyb2xlIjoidXNlciIsImlkIjoxLCJpZGVudGl0eSI6InRlc3RAdGVzdC5ycyIsImV4cCI6MTU5NDE1MTY0NC4zNDcsImlwIjoiOjoxIiwidWEiOiJQb3N0bWFuUnVudGltZS83LjI1LjAiLCJpYXQiOjE1OTE0NzMyNDR9.LE0SlKsIZxthZTXaNvcjx2zqms8n027CXHjaCDloBG8', '2020-07-07 19:54:04', 1),
	(58, 1, '2020-06-09 19:41:39', 'eyJhbGciOiJIUzI1NiIsInR5cCI6IkpXVCJ9.eyJyb2xlIjoidXNlciIsImlkIjoxLCJpZGVudGl0eSI6InRlc3RAdGVzdC5ycyIsImV4cCI6MTU5NDQwMjg5OS4yNTgsImlwIjoiOjoxIiwidWEiOiJQb3N0bWFuUnVudGltZS83LjI1LjAiLCJpYXQiOjE1OTE3MjQ0OTl9.YraU2uoo15wBV8LcqnqnNxgQhgYiRwoUgTg36VIP5Zg', '2020-07-10 17:41:39', 1),
	(59, 4, '2020-06-10 15:35:00', 'eyJhbGciOiJIUzI1NiIsInR5cCI6IkpXVCJ9.eyJyb2xlIjoidXNlciIsImlkIjo0LCJpZGVudGl0eSI6InByb2JhQHByb2JhLmNvbSIsImV4cCI6MTU5NDQ3NDUwMC44OTQsImlwIjoiOjoxIiwidWEiOiJNb3ppbGxhLzUuMCAoV2luZG93cyBOVCAxMC4wOyBXaW42NDsgeDY0KSBBcHBsZVdlYktpdC81MzcuMzYgKEtIVE1MLCBsaWtlIEdlY2tvKSBDaHJvbWUvODMuMC40MTAzLjk3IFNhZmFyaS81MzcuMzYiLCJpYXQiOjE1OTE3OTYxMDB9.aCGOy9cYq2R08kDZOXf_-b1VOffvtQjAPKDtX3HezQc', '2020-07-11 13:35:00', 1),
	(60, 4, '2020-06-10 16:33:34', 'eyJhbGciOiJIUzI1NiIsInR5cCI6IkpXVCJ9.eyJyb2xlIjoidXNlciIsImlkIjo0LCJpZGVudGl0eSI6InByb2JhQHByb2JhLmNvbSIsImV4cCI6MTU5NDQ3ODAxNC45NjYsImlwIjoiOjoxIiwidWEiOiJNb3ppbGxhLzUuMCAoV2luZG93cyBOVCAxMC4wOyBXaW42NDsgeDY0KSBBcHBsZVdlYktpdC81MzcuMzYgKEtIVE1MLCBsaWtlIEdlY2tvKSBDaHJvbWUvODMuMC40MTAzLjk3IFNhZmFyaS81MzcuMzYiLCJpYXQiOjE1OTE3OTk2MTR9.VOkkUkjV7QX5T0ycxo0lJt_TEfnDLWUgb1crR4bmITM', '2020-07-11 14:33:34', 1),
	(61, 4, '2020-06-10 16:34:34', 'eyJhbGciOiJIUzI1NiIsInR5cCI6IkpXVCJ9.eyJyb2xlIjoidXNlciIsImlkIjo0LCJpZGVudGl0eSI6InByb2JhQHByb2JhLmNvbSIsImV4cCI6MTU5NDQ3ODA3NC4xNTYsImlwIjoiOjoxIiwidWEiOiJNb3ppbGxhLzUuMCAoV2luZG93cyBOVCAxMC4wOyBXaW42NDsgeDY0KSBBcHBsZVdlYktpdC81MzcuMzYgKEtIVE1MLCBsaWtlIEdlY2tvKSBDaHJvbWUvODMuMC40MTAzLjk3IFNhZmFyaS81MzcuMzYiLCJpYXQiOjE1OTE3OTk2NzR9.rVdhPHll6dY7IlfKvEz_prYcz99o_mDf9OkEH0HwuHQ', '2020-07-11 14:34:34', 1),
	(62, 4, '2020-06-10 17:01:40', 'eyJhbGciOiJIUzI1NiIsInR5cCI6IkpXVCJ9.eyJyb2xlIjoidXNlciIsImlkIjo0LCJpZGVudGl0eSI6InByb2JhQHByb2JhLmNvbSIsImV4cCI6MTU5NDQ3OTcwMC4yMTQsImlwIjoiOjoxIiwidWEiOiJNb3ppbGxhLzUuMCAoV2luZG93cyBOVCAxMC4wOyBXaW42NDsgeDY0KSBBcHBsZVdlYktpdC81MzcuMzYgKEtIVE1MLCBsaWtlIEdlY2tvKSBDaHJvbWUvODMuMC40MTAzLjk3IFNhZmFyaS81MzcuMzYiLCJpYXQiOjE1OTE4MDEzMDB9.8zlIOkS_tT9eTivOLutwbQDCMLEXIUgYSbglJW1O-YI', '2020-07-11 15:01:40', 1),
	(63, 4, '2020-06-10 17:19:19', 'eyJhbGciOiJIUzI1NiIsInR5cCI6IkpXVCJ9.eyJyb2xlIjoidXNlciIsImlkIjo0LCJpZGVudGl0eSI6InByb2JhQHByb2JhLmNvbSIsImV4cCI6MTU5NDQ4MDc1OS42NSwiaXAiOiI6OjEiLCJ1YSI6Ik1vemlsbGEvNS4wIChXaW5kb3dzIE5UIDEwLjA7IFdpbjY0OyB4NjQpIEFwcGxlV2ViS2l0LzUzNy4zNiAoS0hUTUwsIGxpa2UgR2Vja28pIENocm9tZS84My4wLjQxMDMuOTcgU2FmYXJpLzUzNy4zNiIsImlhdCI6MTU5MTgwMjM1OX0.hXZixMFjYpqYdM4mlONiKVTDgI6ybmlTFnd_T4Nn5-U', '2020-07-11 15:19:19', 1),
	(64, 4, '2020-06-10 18:26:57', 'eyJhbGciOiJIUzI1NiIsInR5cCI6IkpXVCJ9.eyJyb2xlIjoidXNlciIsImlkIjo0LCJpZGVudGl0eSI6InByb2JhQHByb2JhLmNvbSIsImV4cCI6MTU5NDQ4NDgxNy44MjgsImlwIjoiOjoxIiwidWEiOiJNb3ppbGxhLzUuMCAoV2luZG93cyBOVCAxMC4wOyBXaW42NDsgeDY0KSBBcHBsZVdlYktpdC81MzcuMzYgKEtIVE1MLCBsaWtlIEdlY2tvKSBDaHJvbWUvODMuMC40MTAzLjk3IFNhZmFyaS81MzcuMzYiLCJpYXQiOjE1OTE4MDY0MTd9.Nm7ggjRunWJV1M-_OITDYp5zYK6JURp73PfD23UV8QE', '2020-07-11 16:26:57', 1);
/*!40000 ALTER TABLE `user_token` ENABLE KEYS */;

/*!40101 SET SQL_MODE=IFNULL(@OLD_SQL_MODE, '') */;
/*!40014 SET FOREIGN_KEY_CHECKS=IF(@OLD_FOREIGN_KEY_CHECKS IS NULL, 1, @OLD_FOREIGN_KEY_CHECKS) */;
/*!40101 SET CHARACTER_SET_CLIENT=@OLD_CHARACTER_SET_CLIENT */;
